<?xml version="1.0" encoding="UTF-8"?>
<project-private xmlns="http://www.netbeans.org/ns/project-private/1">
    <editor-bookmarks xmlns="http://www.netbeans.org/ns/editor-bookmarks/2" lastBookmarkId="0"/>
    <open-files xmlns="http://www.netbeans.org/ns/projectui-open-files/2">
        <group>
            <file>file:/C:/wamp64/www/Proyeto-Web/includes/funciones/bd_conexion.php</file>
            <file>file:/C:/wamp64/www/Proyeto-Web/includes/templates/header.php</file>
            <file>file:/C:/wamp64/www/Proyeto-Web/calendario.php</file>
            <file>file:/C:/wamp64/www/Proyeto-Web/invitados.php</file>
            <file>file:/C:/wamp64/www/Proyeto-Web/includes/templates/footer.php</file>
            <file>file:/C:/wamp64/www/Proyeto-Web/js/main.js</file>
            <file>file:/C:/wamp64/www/Proyeto-Web/index.php</file>
        </group>
    </open-files>
</project-private>
